"AdaptDown","AdaptUp","Stage1_1","Stage1_2","Stage1_3","Stage1_4","Stage1_5","Stage2_1","Stage2_2","Stage2_3","Stage2_4","Stage2_5","Stage3_1","Stage3_2","Stage3_3","Stage3_4","Stage3_5","Stage4_1","Stage4_2","Stage4_3","Stage4_4","Stage4_5","Stage5_1","Stage5_2","Stage5_3","Stage5_4","Stage5_5","Stage6_1","Stage6_2","Stage6_3","Stage6_4","Stage6_5","Stage7_1","Stage7_2","Stage7_3","Stage7_4","Stage7_5","Marg_Bias","Marg_MSE","StartCor_Bias","StartLow_Bias","StartHigh_Bias","StartCor_MSE","StartLow_MSE","StartHigh_MSE","TStart1_Bias","TStart2_Bias","TStart3_Bias","TStart4_Bias","TStart1_MSE","TStart2_MSE","TStart3_MSE","TStart4_MSE"
0,50,248.74,458.61,624.08,668.57,0,54.76,328.36,611.07,756.74,249.07,23.34,212.08,545.21,752.23,467.14,14.04,153.38,486.36,745.13,601.09,9.61,121.49,436.87,733.11,698.92,7.24,100.81,396.39,715.55,780.01,5.82,87.14,366.46,695.93,844.65,-0.0174816217669978,0.0676366096545401,-0.0210902674829199,-0.00498216944988805,-0.0271134084908555,0.0595083290264617,0.0531974152386467,0.103331411014309,0.110973141010458,0.039437284927367,-0.0306941565314074,-0.0730040902326701,0.0796872890008075,0.0675861455407668,0.0744154077605853,0.0567270505715429
0,55,247.84,462.17,619.97,670.02,0,51.32,331.89,613.54,750.43,252.82,23.08,210.88,544.28,752.69,469.07,13.87,152.89,485.01,752.95,595.28,9.65,121.68,436.85,736.83,694.99,7.35,100.97,398.8,718.81,774.07,5.77,86.52,365.85,699.42,842.44,-0.0175284387494525,0.0668833553120591,-0.0221557191166478,-0.00398576699735653,-0.026693460014813,0.0581630315604549,0.0523429750667159,0.103681687822107,0.109780449468511,0.0392388216775825,-0.0306639156779744,-0.0726469058155521,0.0798442838861822,0.0662329947924824,0.0738797674942182,0.055997339244254
0,60,252.16,459.18,619.26,669.4,0,105.01,376.9,633.46,748.9,135.73,59.32,305.32,618.37,751.44,265.55,39.71,257.91,594.49,755.46,352.43,29.95,223.31,568.35,765.36,413.03,23.73,199.12,547.65,764.82,464.68,19.67,181.43,527.2,763.36,508.34,-0.0169678211811765,0.055913762898009,-0.0136822450189927,-0.00268458651189857,-0.042656462194475,0.0461737168812791,0.0429600495729025,0.0925017237146444,0.0849580151281042,0.0234701842773538,-0.0301903868979015,-0.0544297757369868,0.0621767426111181,0.0535344714602072,0.0631509790458135,0.0473582534890189
0,65,249.07,459.63,623.12,668.18,0,102.56,374.75,634.26,754.21,134.22,59.35,303.2,608.81,764.16,264.48,39.93,254.54,589.42,770.94,345.17,30.18,220.89,563.24,776.19,409.5,24.04,197.64,542.23,777.28,458.81,20.14,177.4,527.4,774.71,500.35,-0.0165975252708151,0.0553727109061203,-0.0132704905715097,-0.0010059430177725,-0.0441666975744234,0.0452114618391923,0.0431108770592229,0.0919862998672624,0.0865812553277617,0.0222543846974642,-0.0280736851811103,-0.0551823526851885,0.0605685668539466,0.0540757332524694,0.0629955268098291,0.0458142438603266
0,70,250.28,459.63,621.55,668.54,0,104.58,376.52,627.61,754.09,137.2,57.86,301.61,620.69,757.86,261.98,39.17,255.12,593.8,765.12,346.79,29.74,219.38,574.93,767.56,408.39,23.7,194.45,553.31,767.88,460.66,20.05,177.37,533.59,765.05,503.94,-0.0170873520689311,0.0550555519625966,-0.0120862363453364,-0.00334106358650738,-0.0456031588800412,0.0443915072403131,0.0426251634984959,0.0929863759907073,0.0817362564437423,0.0256127218684817,-0.032838190112093,-0.0521466528647158,0.0602151975949851,0.0537086000927603,0.0631807584452568,0.0448985532616234
0,75,250.74,464.53,620.39,664.34,0,168.72,423.31,627.06,725,55.91,121.05,391.36,633.89,743.75,109.95,93.16,364.03,632.14,753.05,157.62,77.14,336.15,632.5,760.69,193.52,65.88,316.88,627.6,766.23,223.41,56.88,300.53,622.59,768.87,251.13,-0.015640908204197,0.050784606244246,-0.00887867945355283,0.0032784748262719,-0.0550031736315331,0.0384793997496835,0.0411186139253552,0.0885477793799863,0.0728587564118225,0.0225345300915635,-0.0308887594279748,-0.0460289338147606,0.0526880357577646,0.049068349342027,0.0591260918909056,0.0413471619216604
0,80,250.77,461.54,621.7,665.99,0,172.37,413,635.75,721.31,57.57,125.88,382.66,635.5,745.01,110.95,98.11,352.14,637.78,754.73,157.24,80.09,329.3,633.47,764.47,192.67,67.07,311.11,628.2,768.25,225.37,58.21,294.39,623.85,771.04,252.51,-0.0149656890291281,0.0501277055977601,-0.0088975791147851,0.00264049845555638,-0.0505314279094074,0.03793540967634,0.0406548777325285,0.0869374088979841,0.0731566292753669,0.0231306441690757,-0.0305277160670166,-0.0448329413099443,0.0520072742274684,0.0485458547926125,0.0584437388093213,0.0405872333838392
0,85,248.95,463.59,621.87,665.59,0,164.94,422.82,632.33,726.68,53.23,122.21,382.77,640.68,743.09,111.25,94.19,353.09,644.09,749.95,158.68,76.64,329.3,639.98,754.45,199.63,64.5,311.13,633.4,759.14,231.83,55.78,294.51,627.12,761.92,260.67,-0.0148679225752668,0.0495291236222877,-0.00823725303489815,0.00227399016346095,-0.0512739745603554,0.0373353036007366,0.0403302682756769,0.0860888057002122,0.0737596131187963,0.0231945941804046,-0.0311335690002523,-0.0436776343546293,0.0530533985761391,0.0483437261219957,0.0580551152912459,0.0390752759459099
0,90,248.22,460.09,622.92,668.77,0,226.71,447.73,622.86,688.68,14.02,205.36,436.98,627.12,701.61,28.93,188.9,428.72,628.52,712.12,41.74,173.97,418.74,631.5,721.59,54.2,160.48,410.44,635.5,728.44,65.14,149.2,403.36,636.78,735.02,75.64,-0.00778995468436991,0.0569452388026596,-0.00722808943681903,0.0268709586926587,-0.0554912227280838,0.0383063033491234,0.0621533911113643,0.0867674586020713,0.0748464481474395,0.0385666186075791,-0.0218191411551468,-0.044511340775072,0.0537002372016849,0.0597156551345884,0.0642431019810024,0.0465394956484781
0,95,252.51,459.53,626.68,661.28,0,227.62,449.08,626.36,683.41,13.53,208.37,438.35,628.11,699.02,26.15,190.3,429.47,631.85,709.44,38.94,174.71,422.06,633.95,718.02,51.26,160.91,415.03,637.11,723.46,63.49,149.26,406.58,641.89,727.98,74.29,-0.00790602739874335,0.0573937656069777,-0.00613747632344653,0.025506099291562,-0.0563073478577138,0.0385067102567144,0.0625638031548791,0.0876732687334086,0.0762053473290143,0.0388400144841517,-0.0221397919341567,-0.0454620205777068,0.0532343970296361,0.0604004251636359,0.0638812937376113,0.0477636333197578
0,100,251.16,459.08,623.24,666.52,0,251.16,459.08,623.24,666.52,0,251.16,459.08,623.24,666.52,0,251.16,459.08,623.24,666.52,0,251.16,459.08,623.24,666.52,0,251.16,459.08,623.24,666.52,0,251.16,459.08,623.24,666.52,0,0.0101526434835877,0.0749125553204586,-0.00489192647771042,0.0817005391169231,-0.0562361362502711,0.0406580641216093,0.117558608646259,0.0858853174538445,0.0762539046727345,0.0775654365165139,-0.000621354792633187,-0.0437167456544785,0.0544800640342125,0.0934835050461677,0.0776435742194975,0.0612898299094914
5,50,251.47,460.33,622.73,665.47,0,60.01,348.95,631.6,708.92,250.52,38.36,241.04,574.84,696.1,449.66,31.02,200.17,537.56,696.46,534.79,28.68,184.21,508.04,704.43,574.64,27.47,170.31,502.14,694.2,605.88,26.7,162.84,491.81,696.84,621.81,-0.00739700305992599,0.0542302159874385,-0.0146157684555792,-0.004634669151311,0.00322775174278032,0.0508488272197564,0.0486246360752901,0.0686004811834507,0.0949897616607076,0.0416575574157508,-0.0123331288370665,-0.0617208841366312,0.0648530952367664,0.0555576399921371,0.055629022858738,0.0491755556943953
5,55,249.58,462.67,618.57,669.18,0,62.23,344.77,635.23,710.53,247.24,37.04,238.67,571.74,710.92,441.63,30.58,195.76,538.92,703.85,530.89,29.08,174.5,515.89,706.95,573.58,27.67,169.55,490.21,709.27,603.3,26.23,160.26,488.81,704.34,620.36,-0.00747988888416069,0.0539869548483195,-0.0149596306309566,-0.00484411936510174,0.00397722414751631,0.0506363946435566,0.0487348774026478,0.0677947941551647,0.0962986315633492,0.0435410179810413,-0.013847816711204,-0.0618622461833293,0.0636649203571709,0.0551647449762879,0.0554028176119229,0.0492115634261865
5,60,249.63,461.8,621.8,666.77,0,110.68,392.69,648.33,713.72,134.58,72.34,332.34,643.2,707.16,244.96,58.85,295.21,634.95,694.36,316.63,55.28,272.03,627.06,689.04,356.59,50.26,259.69,615.89,688.44,385.72,48.29,253.5,610.18,687.9,400.13,-0.00605642470953176,0.0441415153248733,-0.0106579526945525,-0.00130315874728497,-0.00338219653468745,0.0401060205929055,0.0405247412604109,0.0570942371762935,0.0751423578243915,0.0315891257611333,-0.00947660375616529,-0.0484888320964668,0.0488888267458379,0.0443552964414453,0.0457072350974481,0.0410141136366069
5,65,251.1,462.76,619.41,666.73,0,111.54,392.59,645.59,714.17,136.11,71.71,334.79,643.44,700.13,249.93,59.38,292.22,640.36,690.82,317.22,53.21,270.16,628.24,692.07,356.32,50.59,258.77,616.14,691.47,383.03,48.74,253.77,614.03,686.29,397.17,-0.00577069238224876,0.0448381425100673,-0.0097013601669514,-0.0014014673645607,-0.00385977739147959,0.0407659717226773,0.0413556937712444,0.0576617363668317,0.0780422240974161,0.0356761792574369,-0.0124647934251554,-0.0481394657277858,0.0507888613273341,0.0453765533049907,0.0459907920753395,0.0416847253083626
5,70,248.81,461.64,617.99,671.56,0,111.03,386.24,652.45,713.53,136.75,70.09,334.13,641.68,701.94,252.16,57.99,299.45,629.2,693.3,320.06,51.81,277.75,621.12,688.55,360.77,49.51,262.62,614.68,689.72,383.47,47.87,250.71,610.73,689.37,401.32,-0.00627713356996725,0.0446305693018643,-0.00992216710032573,-0.000988821232618108,-0.00621122002245346,0.0404242566233186,0.0409093880023591,0.0580031415646506,0.0799145949094046,0.0327174137308406,-0.0132492210005863,-0.0463914655826103,0.05217940578938,0.0442357009968038,0.0463661477030482,0.0411594414876408
5,75,250.78,460.38,623.38,665.46,0,176.81,427.59,654.69,686.55,54.36,138.25,404.97,665.56,683.9,107.32,115.29,387.49,678.38,667.46,151.38,102.85,375.26,680.7,658.07,183.12,96.16,365.79,682.17,651.92,203.96,91.48,359.95,680.85,646.71,221.01,-0.00386713925034147,0.0420714715708149,-0.00680231389009161,0.00372937042798541,-0.00821553294130957,0.0370203321133337,0.0410931937639047,0.0534168022078372,0.0709466399752659,0.0344805582680061,-0.00874808768999789,-0.0439206100396855,0.0461687770540569,0.0416761721024515,0.0431366556528788,0.040097419407752
5,80,251.88,462.41,624.95,660.76,0,176.42,434.07,653.33,681.82,54.36,138.21,409.33,672.51,672.1,107.85,115.81,395.86,678.25,659.68,150.4,103.06,383.3,680.95,651.34,181.35,95.43,374.5,685.54,641.01,203.52,90.06,365.42,690.96,632.59,220.97,-0.00359898375766981,0.041985597180734,-0.00716216466125848,0.00274025299063894,-0.00506806177882227,0.0368836320015941,0.0408505832765798,0.0536488303359383,0.0718176214521681,0.0334126538904685,-0.00775776705537532,-0.0441420534917906,0.0459019928884165,0.0420668820079896,0.0429982841074565,0.0398484714222599
5,85,250.49,459.41,623.27,666.83,0,174.45,436.12,641.95,691.79,55.69,134.18,414.83,660.88,679.02,111.09,112.92,398.31,677.19,660.13,151.45,100.71,383.39,686.95,647.16,181.79,93.41,373.78,688.7,640.99,203.12,89.53,367.37,686.29,636.11,220.7,-0.00402918056020911,0.0415641661762643,-0.00721323224188279,0.00317559939194233,-0.0075373799638064,0.0360980004609883,0.040708428274642,0.0534569285831436,0.0706814156381146,0.0329431925609918,-0.00969446167485231,-0.0420459445037565,0.0454247282862722,0.0419879600648044,0.0427873821847102,0.0388791332607469
5,90,247.68,460.89,624.59,666.84,0,229.79,461.74,643.05,652.69,12.73,214.94,465.77,655.84,637.07,26.38,204.17,465.48,673.98,616.83,39.54,194.99,466.53,685.74,600.96,51.78,188.1,469.65,694.58,584.73,62.94,182.66,468.25,703.83,572.44,72.82,0.00437630751255725,0.0491044933533927,-0.00476337831020113,0.0275047546181762,-0.00853502689022906,0.037461944655799,0.0636624017336309,0.0527920794758489,0.0731658040261381,0.0492967398932846,0.00184505494171965,-0.0422108502920905,0.0461314371788447,0.0531813793583929,0.0493400770756749,0.0463197303433283
5,95,250.58,463.36,623.34,662.72,0,235.08,466.43,636.2,649.38,12.91,220.43,469.99,652.88,630.12,26.58,208.25,471.75,667.94,612.79,39.27,198.19,474.45,676.62,599.41,51.33,189.03,477.11,687.28,585.16,61.42,182.31,477.43,697.77,571.5,70.99,0.00372113476764612,0.0484945648696492,-0.00533780685233945,0.0266109203098194,-0.00930778410305658,0.0372438862457788,0.0623951984906879,0.0520239731759458,0.0712255493998479,0.0519294085241019,-0.00145933463842581,-0.0422468513572729,0.0460064759671031,0.0534220214707505,0.0477598093963193,0.0460504751660971
5,100,251.39,459.6,624.34,664.67,0,257.75,474.85,640.15,627.25,0,263.74,488.07,649.52,598.67,0,269.68,499.5,661.81,569.01,0,275.34,508.13,670.64,545.89,0,280.21,517.76,681.25,520.78,0,284.35,528.99,684.88,501.78,0,0.0213925410386632,0.0673511125913856,-0.00463596137563971,0.08184505621355,-0.00866691093840675,0.0403733473834272,0.11863994183349,0.0517230806692275,0.0748377099525381,0.0898856660703704,0.0205142391623338,-0.0430458055546085,0.0477233749363453,0.0871483549748729,0.0630418612098519,0.0613798709743582
10,50,249.66,459.82,622.95,667.57,0,58.85,347.59,633.7,713.04,246.82,37.74,238.96,580.76,711.24,431.3,32.94,194.65,531.69,712.22,528.5,29.28,175.64,516.32,704.82,573.94,27.29,169.09,502.07,702.82,598.73,27.29,165.75,484.04,705.35,617.57,-0.00731195941326221,0.0543076619433722,-0.0156864815401951,-0.00314183018246776,0.0035580167923722,0.0507592019617,0.0489844318534749,0.0685114810197131,0.0971213159947773,0.040542394067973,-0.0125402980621603,-0.0609648356316844,0.0652504175343456,0.0554615228328409,0.0557986380153734,0.0491387922945721
10,55,251.34,458.3,623.24,667.12,0,59.74,349.89,619.63,711.26,259.48,36.53,236.69,575.57,700.61,450.6,30.8,195.23,535.53,702.49,535.95,28.4,177.23,512.2,698.4,583.77,26.8,169.31,492.96,704.3,606.63,27.21,160.97,478.52,709.67,623.63,-0.00683221993239612,0.0552080406223661,-0.0144734084911643,-0.00356017944471994,0.00400898802696508,0.0519338438801194,0.049575976281477,0.0694310487136242,0.0983033520158195,0.0443222141969987,-0.0121989495782105,-0.0628017113640857,0.0658016175227809,0.0566223936910525,0.056566968494669,0.050130869676024
10,60,251.76,460.59,623.64,664.01,0,110.11,394.63,651.91,711.65,131.7,72.19,331.14,645.87,704.4,246.4,58.96,292.71,637.69,694.26,316.38,51.76,273.81,627.87,690.04,356.52,50.3,263.19,618.84,687.14,380.53,48.47,254.05,612.08,683.85,401.55,-0.00603440879564575,0.0457632073520025,-0.00940333302285705,-0.00242640941617346,-0.00417637044559375,0.0418887250037882,0.0426381926633797,0.0577224455433371,0.075869234816569,0.0343235131556008,-0.0100070710131789,-0.050690128533528,0.050100236832559,0.04544449428024,0.0475182695612512,0.0429693883784259
10,65,250.45,462.03,618.9,668.62,0,110.12,390.54,647.95,717.14,134.25,72.63,333.57,641.26,698.41,254.13,59.92,292.89,637.52,693.25,316.42,53.82,269.16,628.32,695.59,353.11,50.32,262.15,620.58,688,378.95,49.19,254.52,611.66,687.21,397.42,-0.00613125468910639,0.0450631414058372,-0.0105824990799711,-0.00165390047885701,-0.00328213638577424,0.0415779519173913,0.0410568147608424,0.0573020169802595,0.078377798771319,0.0337588093628653,-0.0115696297145961,-0.0491469248626453,0.051615855332959,0.0447392914960169,0.0461505056719886,0.0425381809638629
10,70,248.97,460.86,622.47,667.7,0,109.94,387.75,651.85,713.18,137.28,72.05,326.34,650.18,701.55,249.88,59.25,290.8,633.22,697.75,318.98,53.38,270.1,626.42,692.83,357.27,50.17,260.22,613.05,693.95,382.61,48.12,251.57,609.33,689.49,401.49,-0.00567805110526856,0.0450145292663036,-0.00865445581870225,-0.000803843051177411,-0.00623493323279677,0.0410026224191147,0.0416337147287304,0.0574790169688988,0.0787009221886995,0.0342300490102156,-0.0121694105558046,-0.0471766619133495,0.0505880898095102,0.0461156244920345,0.0462621614278151,0.0413972175763973
10,75,252.55,459.33,620.12,668,0,178.04,431.8,642.15,692.53,55.48,139.59,406.81,667.04,675.95,110.61,117.97,389.77,681.41,658.5,152.35,103.24,379.91,685.37,650.12,181.36,96.21,372.59,686.04,640.82,204.34,91.89,365,688.08,635.05,219.98,-0.00423876178641611,0.04193231125929,-0.00725913044338723,0.00261744979925232,-0.0073631735093229,0.0369831160801274,0.0408588154269496,0.0532739380788219,0.075325407321719,0.0321170501469972,-0.00920932722381313,-0.044025230872546,0.0465428027622025,0.0421956754859116,0.042830748153809,0.0396016925493772
10,80,252.63,459.1,624.19,664.08,0,179.7,433.5,643.03,688.93,54.84,138.55,413.35,664.68,674.87,108.55,117.66,395.01,679.08,659.15,149.1,103.87,385.7,680.47,650.57,179.39,95.68,375.77,683.73,642.09,202.73,91.8,368.71,689.08,633.02,217.39,-0.0048052581064599,0.041593828897969,-0.00723408081792738,0.00200674735783791,-0.00916064042438886,0.0364091634146578,0.0404461639214351,0.05345062246855,0.0698526667133133,0.033681587893225,-0.0110754317022303,-0.0435032106738095,0.0446218597208879,0.0419533949103553,0.0427368007707078,0.0392387191713235
10,85,248.46,461.34,624.04,666.16,0,175.87,425.27,656.18,687.33,55.35,137.12,404.9,671.35,679.81,106.82,115.35,388.63,682.11,667.86,146.05,103.35,376.33,685.56,656.63,178.13,96.57,367.34,687.97,645.99,202.13,92.16,359.31,689.41,637.48,221.64,-0.00507771626030647,0.0420698497356271,-0.00815377533246865,0.00185469975036553,-0.00823770810635898,0.0367818555404119,0.0404602849453867,0.0547949283502202,0.0707028566461633,0.0326036829694132,-0.00953946612890436,-0.0452227304784861,0.0455971350690751,0.0421611800956907,0.0432232623023386,0.0397569367461802
10,90,247.84,461.1,623.55,667.51,0,231.59,465.37,637.94,652.02,13.08,218.14,465.8,653.96,635.69,26.41,206.3,466.68,671.8,615.91,39.31,198.18,468.75,682.53,599.59,50.95,190.12,470.48,693.13,585.24,61.03,182.57,472.9,700.34,574.14,70.05,0.00353560520015773,0.0486023765172211,-0.00526031870064827,0.0257320549772282,-0.00873556844396374,0.0372345218234609,0.062108524157108,0.0530000825538412,0.0751361530364384,0.0476900759135182,-0.000199628193550108,-0.0419523265184481,0.0477627024496613,0.0523527989693669,0.0484315041495048,0.0460595691794635
10,95,249.85,457.67,622.11,670.37,0,233.16,459.79,637.92,655.87,13.26,219.43,463.12,653.27,637.35,26.83,206.55,464.87,669.41,620.07,39.1,197.5,466.89,679.34,606.02,50.25,189.61,468.32,689.81,591.53,60.73,182.37,469.91,697.71,579.11,70.9,0.00288641827073958,0.0489501658705584,-0.00643612126480832,0.0257476849427444,-0.00924863015452783,0.0379824687935889,0.062055366588912,0.0530747168164203,0.0724967497898466,0.0498560486350482,-0.00146434334130236,-0.0433829594857648,0.0464570915933012,0.0529217219179646,0.0486087949978679,0.0467685272265605
10,100,249.35,461.42,621.77,667.46,0,256.66,474.12,636.97,632.25,0,262.69,487.96,650.05,599.3,0,267.72,500.85,660.77,570.66,0,272.82,511.16,670.84,545.18,0,277.65,521.55,678.02,522.78,0,282.22,530.11,684.73,502.94,0,0.0204939623784976,0.067361409742622,-0.00549242080969269,0.0800166058016102,-0.00820936586861942,0.0409607412894291,0.116641727579689,0.0533224919001531,0.0725300855136875,0.0883832489788607,0.0204376049808831,-0.0441153617521042,0.0481363177179818,0.0862047068598825,0.0636359563452441,0.0612996439485423
15,50,251.39,459.51,621.14,667.96,0,80.35,394,672.27,609.95,243.43,76.09,305.82,622.72,630.49,364.88,71.69,291.31,601.41,648.07,387.52,71.68,282.72,600.18,646.33,399.09,72.36,279.79,602.53,645.46,399.86,71.5,281.95,599.58,645.68,401.29,-0.00119982880037415,0.0443102426660764,-0.00900710265601481,-0.000427678929125738,0.0132787934837185,0.0422026033374638,0.0442481652978758,0.0485862080909625,0.0804035873493124,0.0422082497976398,-0.00302262363488575,-0.0506757436882296,0.0510779530702981,0.0454249739695309,0.0442920159152753,0.0420382116778667
15,55,248.77,460.83,624.37,666.03,0,81.76,386.9,671.1,611.38,248.86,77.74,301.33,626.94,633.74,360.25,71.7,287.54,612.78,640.94,387.04,70.33,282.96,604.08,645.55,397.08,70.08,288.82,599.75,640.19,401.16,71.99,291.29,598.37,630.35,408,-0.00122477296775067,0.044474159315767,-0.00962824883946565,-0.00228685242482843,0.0168467284398483,0.042611674970488,0.0440583467191412,0.0487430542627787,0.0849005667500511,0.0409065293863366,-0.0025558273745383,-0.0511484661693287,0.0519616525622902,0.0456064851350809,0.0437994873920606,0.0427703717067558
15,60,249.8,458.73,623.58,667.89,0,129.67,436.01,687.57,615.28,131.47,112.99,398.95,680.37,588.94,218.75,106.44,381.41,679.18,582.55,250.42,107.25,366.91,679.72,584.89,261.23,105.43,374.98,671.79,582.32,265.48,105.44,375.13,678.35,570.98,270.1,-2.53520024118192e-05,0.0388324641945826,-0.00757738930971074,0.000191957201079468,0.0146551621428353,0.0376584826894245,0.0391344706768374,0.0407674876113974,0.0723020971273345,0.036898649244624,1.88704813878417e-05,-0.044823030180073,0.0433215091767697,0.0385957340021882,0.0375469614113145,0.039660099632799
15,65,252.75,461.34,617.88,668.03,0,134.58,435.62,691.4,603.47,134.93,112.94,401.95,685.97,577.63,221.51,107.38,384.44,686.45,568.24,253.49,108.92,378.45,663.15,580.24,269.24,106.88,382.04,663.57,578.08,269.43,105.56,375.55,668.55,579.37,270.97,0.000179849563786212,0.0388606015645657,-0.00644173190063044,0.000858552351774461,0.0125563444181139,0.0371548693051811,0.0393007191827414,0.0416264773503672,0.0744794549195966,0.036398924367634,-0.00135955608358272,-0.0426545446950867,0.0446766238165607,0.0394092580030215,0.0378690380478657,0.0384060643500711
15,70,252.33,461.36,620.67,665.64,0,137.48,425.95,698.86,607.6,130.11,113.95,395.35,689.05,588.74,212.91,107.76,379.45,688.64,577.66,246.49,109.16,381.76,670.54,580.14,258.4,109.3,375.54,672.02,575.3,267.84,110.11,381.43,664.99,574.84,268.63,-0.000553746130317101,0.0389548824106428,-0.00733300770089018,-0.00129493655533717,0.0139383165851674,0.0371637047564206,0.0394821775468462,0.0418229660028705,0.0738466562144775,0.0342896240215287,-0.000263399014891289,-0.0445091273504847,0.044328500652231,0.0388808125176487,0.0382564992127711,0.0387171543076748
15,75,249.12,460.67,624.18,666.03,0,196.72,474.5,675.75,594.93,58.1,174.54,476.49,714.89,532.81,101.27,163.24,481.56,712.65,513.5,129.05,162.96,479.85,711.97,499.5,145.72,159.98,478.64,714.92,489.47,156.99,161.41,480.2,711.93,485.71,160.75,0.000976375788946272,0.0385854011614592,-0.00585370678433261,0.00295142033859626,0.0119131919130765,0.0359974073458695,0.041540758481156,0.0398034390174061,0.0697824463043654,0.0387279973188298,0.000206244441749098,-0.0420229303472537,0.0410437859935796,0.0392500944508512,0.0377480505706494,0.0385712748639917
15,80,250.8,460.99,623.68,664.53,0,197.25,477.07,685.6,583.51,56.57,174.9,480.94,710.17,534.49,99.5,169.15,479.3,719.31,509.81,122.43,163.65,481.75,722.88,493.99,137.73,162.8,486.36,718.26,483.89,148.69,163.28,478.87,719.92,479.03,158.9,0.0010660979239202,0.0385243115380663,-0.00532554438183049,0.00214409610357775,0.0122670130828929,0.0357904938528552,0.0421388886362353,0.0391033259355941,0.0696122560395692,0.0394716089556231,-0.000676387070818275,-0.0419431275617708,0.0415057993338437,0.0391838773336151,0.0371516072424029,0.0390547323539069
15,85,249.45,460.19,623.92,666.44,0,196.38,477.98,680.87,590.47,54.3,178.95,480.37,703.49,536.35,100.84,171.03,480.25,711.01,506.54,131.17,168.53,485.33,708.98,492.21,144.95,167.31,483.96,705.22,489.5,154.01,165.06,483.74,705.99,486,159.21,-0.000275347513145018,0.0381476043603741,-0.00675514306327194,0.0014598243707541,0.0102877291279972,0.0357730387438191,0.0410948600505005,0.0388560248540527,0.0717414218904738,0.0363595387888501,-0.00181292080255188,-0.0423718297232989,0.0429248138200017,0.0386814054803112,0.0367511698588311,0.0384612421356891
15,90,248.83,462.08,622.63,666.46,0,250.58,506.85,679.39,550.94,12.24,258.69,535.46,698.74,482.6,24.51,263.12,554.95,706.1,440.71,35.12,268.5,566.21,709.16,412.85,43.28,270.57,574.25,711.83,392.32,51.03,272.44,584.9,707.95,378.19,56.52,0.00892063831938374,0.0462492907370099,-0.00515074159436249,0.02554381065131,0.0144022684343126,0.0384740127233386,0.0630758817118008,0.0388492251061,0.0727719600848105,0.0543239988647271,0.0115171954786282,-0.0434376408642892,0.0441431125547018,0.0503322450616377,0.0429902204937589,0.0475530796279055
15,95,248.86,460.22,621.39,669.53,0,252.21,505.47,675.94,553.22,13.16,258.25,535.04,699.67,482.09,24.95,260.91,555.26,711.57,437.19,35.07,262.39,574.19,706.97,412.98,43.47,266.91,580.82,706.78,394.65,50.84,268.7,588.1,707.54,378.37,57.29,0.00929828901021163,0.0473368295861575,-0.0040452512560482,0.0273734876865109,0.0113254419473863,0.038886396369315,0.0655710431983575,0.0395745105005101,0.0762249074701758,0.0583071093458556,0.00953008228311026,-0.0435288463217758,0.0447101763555562,0.0518996263858071,0.0446745362161611,0.0475950791133215
15,100,249.45,463.16,623.46,663.93,0,278.13,519.94,673.49,528.44,0,303.16,561.94,692.61,442.29,0,325.31,590.47,700.69,383.53,0,344.86,614.56,697.6,342.98,0,362.9,631.38,692.46,313.26,0,379.19,643.64,687.8,289.37,0,0.0274275534835803,0.0653803862927582,-0.00424181510271193,0.0844336970572355,0.0131112952798435,0.0408085103410275,0.120863661511626,0.0390405607661541,0.0739414758191899,0.0963082614543314,0.0320691281719911,-0.0424869023460012,0.044580413447537,0.0859074777620591,0.0591296178654047,0.0614915618180974
20,50,250.12,458.88,619.95,671.05,0,82.04,383.63,665.25,611.08,258,78.66,300.44,611.26,637.02,372.62,73.68,291.31,601.07,635.99,397.95,70.29,282.08,606.67,645.4,395.56,70.91,282.6,596.74,637.69,412.06,71.26,279.13,605.78,635.53,408.3,-0.00200976954501155,0.0444261320735368,-0.010815630661167,-0.00250567516447754,0.0163002209566025,0.0427715108650838,0.0436941067556264,0.04874750147858,0.0843825051745561,0.0417081736762461,-0.00444087699679269,-0.0515544009930614,0.0524703171486074,0.0456088789808924,0.0437139795985778,0.0426123181213386
20,55,250.41,459.1,625.05,665.44,0,81.45,393.54,665.56,610.96,248.49,78.82,301.91,612.46,641.48,365.33,75.42,289.83,608.21,630.03,396.51,69.6,292.99,609.76,630.77,396.88,70.36,284.48,599.97,641.43,403.76,69.77,281.81,602.14,638.78,407.5,-0.00164587784217045,0.0444929963322563,-0.00946074610319311,-0.00186192919195057,0.0139924961871422,0.0427854948161322,0.0438709736129276,0.0487146914364142,0.0801734397985497,0.0408912978401189,-0.00388568230953822,-0.0502791265551415,0.0518549288266966,0.0459437422626622,0.0439280106505584,0.0424294131282046
20,60,248.82,464.2,622.16,664.82,0,132.06,420.87,704.21,613.23,129.63,109.99,389.4,689.85,593.74,217.02,106.22,382.74,680.04,581.79,249.21,105.05,380.34,673.96,579.37,261.28,107.61,377.76,672.34,570.21,272.08,104.97,373.85,674.11,578.84,268.23,-0.000769851231659433,0.0391091779202254,-0.00637089656455077,-0.00051263258685266,0.0100585351183446,0.0375232580651937,0.0393917805596713,0.0418813939705012,0.0734681973760855,0.0362889477826983,-0.0016759156807907,-0.0447076964120997,0.0436023961380345,0.0391961404271024,0.0387328542070928,0.0385110153387129
20,65,249.61,457.97,622.93,669.49,0,134.99,423.58,689.44,615.77,136.22,113.42,393.99,685.05,590.9,216.64,104.84,385.27,673.66,584.44,251.79,106.04,376.33,676.91,575.23,265.49,104.34,374.9,674.49,580.52,265.75,102.97,368.45,675.74,583.04,269.8,-0.00141205650582733,0.0392707728210007,-0.0087102954503736,-0.000881284788877523,0.0123378238550652,0.0375180067618155,0.0395793608322148,0.0423269884529163,0.0705247200901251,0.0359045424841041,-0.0015098728723995,-0.0454430508132952,0.044386778973276,0.0391844099502821,0.0387692048022435,0.0388790549542477
20,70,251.23,461.21,621.07,666.49,0,133.54,434.29,688.5,608.36,135.31,112.99,398.42,680.42,589.15,219.02,105.81,383.41,670.09,587.75,252.94,106.21,376.15,675.91,580.35,261.38,105.73,379.3,668.94,574.12,271.91,106.11,385.11,660.32,578.51,269.95,-0.00085139114830557,0.0388840435464338,-0.00721096926339706,-0.00178371986637245,0.0132702768566806,0.0372134875396668,0.0391038603235373,0.0419300652152984,0.0770323989052451,0.0342287521830332,-0.00151225176924704,-0.0444319193310766,0.045005726825924,0.0387657978406899,0.038079763270443,0.0386446543695687
20,75,251.3,455.38,621.11,672.21,0,198.53,464.67,689.13,591.57,56.1,178.14,474.71,703.18,541.68,102.29,168.02,475.92,711.74,512.92,131.4,166.16,478.52,717.73,493.29,144.3,164.28,473.29,722.44,486.33,153.66,166.28,470.48,718.04,486.75,158.45,0.00132306906917624,0.0382793575477795,-0.00524998976268232,0.00269208872679178,0.0126042918848749,0.0360237217768065,0.0410073630259172,0.0390805878498251,0.0751494156149261,0.036213876691186,0.00161212005221049,-0.0421111935380635,0.0428886283760286,0.0387449962988628,0.0368631073868128,0.0386282796104544
20,80,252.03,459.43,621.35,667.19,0,195.62,472.78,687.69,589.14,54.77,171.9,479.83,709.16,538.66,100.45,167.77,476.83,718.55,509.5,127.35,164.82,475.83,718.4,498.92,142.03,164.42,480.96,708.91,491.21,154.5,162.72,481.63,712.33,484.89,158.43,0.00131124935471422,0.0388180205633447,-0.00582178632680525,0.00378080177705179,0.0122525820633577,0.0364534234300796,0.0414358367086876,0.0399908412632966,0.0714382048522278,0.0394372160739799,0.000428844970412374,-0.0423873400338504,0.0420351569262594,0.0393329508062431,0.0373656770779497,0.0395538607323459
20,85,250.73,458.16,621.18,669.93,0,196.75,479.88,667.93,599.17,56.27,175.83,488.71,692.33,541.97,101.16,166.94,486.53,712.51,504.21,129.81,163.03,485.07,712.18,494.57,145.15,162.59,485.28,716.13,482.44,153.56,162.55,484.32,715.55,478.62,158.96,0.000811339719637956,0.0382298840772755,-0.00642426266165861,0.0032990297914886,0.0120451503209499,0.0355598337956988,0.0414108208343578,0.0393393678937489,0.0708486019840376,0.0393814059050275,-0.00143054844193462,-0.0417374812032867,0.0407751695572849,0.0395770708802446,0.0367664938877793,0.0384085791973604
20,90,250.22,464.92,616.98,667.88,0,255.19,508.1,672.39,550.86,13.46,260.55,537.73,697.08,479.27,25.37,263.77,560.95,703.14,437.62,34.52,267.15,573.68,708.3,408.41,42.46,268.54,584.67,707.39,389.81,49.59,272.35,590.03,703.21,379.96,54.45,0.00833599715511079,0.0463111560185589,-0.00578555170686408,0.0253913980717841,0.0134520993914801,0.0377600964511856,0.0639722882027291,0.0394778560756132,0.0722136744895471,0.056515707713576,0.00844327355751295,-0.0435417263210831,0.0444197852085852,0.0514273397483288,0.0435008815330766,0.0461527023202876
20,95,251.39,460.27,624.75,663.59,0,256.72,503.85,678.52,547.75,13.16,261.66,532.9,698.56,483,23.88,266.07,551.92,706.96,441.4,33.65,269.22,569.6,706.13,412.46,42.59,272.25,581.74,704.84,391.92,49.25,272.83,589.42,703.28,379.77,54.7,0.00908590421356914,0.0467854509824328,-0.00442735444081009,0.0270868920602951,0.0115332851185238,0.0382953029143556,0.0645395056152614,0.039718885154446,0.0765163089699082,0.0561292297733623,0.00948477963180704,-0.043418524122231,0.0450393544456625,0.0518441208611582,0.0440836651602512,0.0465389818931835
20,100,249.53,463.37,624.58,662.52,0,277.57,520.09,675.49,526.85,0,303.01,557.49,701.06,438.44,0,324.88,587.83,706.83,380.46,0,344.48,608.37,706.37,340.78,0,362.56,628.77,697.17,311.5,0,378.31,644,687.8,289.89,0,0.0268384438060154,0.0647916922950695,-0.00240161546176382,0.079601784705377,0.0129080679018374,0.0408167114950416,0.118981126142126,0.0387237850190258,0.074618261925275,0.0950944495798048,0.0325540554225461,-0.0441673462178492,0.0468516686348798,0.0830861578118824,0.0586532649059991,0.062027634077977
25,50,250.11,461.48,621.04,667.37,0,79.43,391.83,668.38,615.59,244.77,77,306.56,621.97,629.84,364.63,73.89,297.86,601.89,638.57,387.79,72.63,284.26,601.08,638.91,403.12,69.44,288.9,598.78,647.27,395.61,71.64,282.98,604.08,642.55,398.75,-0.00104176197467969,0.0442235777304215,-0.00806340520532346,-0.00349842279512047,0.0158600362426746,0.0426650389601047,0.0431715867550187,0.0487062996330926,0.0834543747123167,0.0400292963541886,-0.0020846997055561,-0.050819330626559,0.0520680578341669,0.0445610881300514,0.0441092981098115,0.0423544865679785
25,55,248.82,462.41,624.49,664.28,0,83.02,393.87,671.6,609.72,241.79,76.22,310.99,621.08,624.68,367.03,70.34,297.73,603.09,638.82,390.02,72.63,286.84,600.03,643.68,396.82,72.49,285.23,593,642.23,407.05,70.63,285.63,594.63,646.24,402.87,-0.000742073073692511,0.0444221634864754,-0.00768333159781035,-0.00293572217343396,0.0159804484938418,0.0428120731450303,0.0437867372421641,0.048477432895092,0.0847231788122696,0.0407061253567264,-0.00224438371815525,-0.0499322157781886,0.0537477939030501,0.0461023650409663,0.0436266525802628,0.0420690064720479
25,60,252.55,457.93,623.25,666.27,0,132.95,440.44,678.08,618.43,130.1,112.15,404.8,679.64,585.02,218.39,108.42,389.03,666.89,585.07,250.59,107.34,377.84,671.97,577.33,265.52,105.28,372.03,677.29,581.25,264.15,107.35,371.24,666.22,586.36,268.83,-0.00118538983480579,0.0387102914970102,-0.00858258912218416,-0.00085293635483774,0.0132077597204619,0.0371248754355893,0.0392078489691995,0.0412059432826764,0.0696817209828014,0.0326910196263648,0.00156376141247935,-0.0462947929540868,0.0434306724872223,0.0383383325300905,0.0378396300891357,0.0390602780258674
25,65,250.71,461.92,621.84,665.53,0,130.65,435.05,682.42,614.96,136.92,113.84,399.32,679.32,583.47,224.05,108.23,381.45,674.84,585.12,250.36,105.81,383.09,682.33,569.14,259.63,105.36,377.02,672.87,579.66,265.09,102.48,376.02,667.06,585.73,268.71,-0.000630129633357047,0.0397115524721761,-0.00718604273749558,-0.00117461829544277,0.0130749345787074,0.0379426694358493,0.0404105824468636,0.0423355918042727,0.0733153486080317,0.0353834645363798,-0.000370216012831275,-0.0452520032774518,0.0441713016272648,0.0394483453388929,0.0391566463566062,0.0396890356113832
25,70,249.94,459.84,622.29,667.93,0,127.97,430.91,690.4,614.75,135.97,110.09,397.41,689.37,586.87,216.26,105.34,381.47,699.95,570.38,242.86,104.4,373.86,693.87,574.83,253.04,105.5,377.09,675.7,575.26,266.45,106.36,373.13,674.59,582.01,263.91,-0.000680494827667751,0.0384314121807844,-0.00773278992412472,-0.000535352442699499,0.0132478797115948,0.0369345653199631,0.0386325167668062,0.0411416167428436,0.0700150532853806,0.0371741587819013,-0.00150818735388699,-0.0443982352470703,0.0427634210128563,0.0391232369690434,0.0376447385987869,0.0379726109350548
25,75,248.33,459.68,619.65,672.34,0,200.37,473.9,673.37,594.47,57.89,180.95,474.52,707.4,536.72,100.41,169.1,487.49,710.43,505.22,127.76,165.94,484.95,715.3,493,140.81,162.15,482.76,714.36,488.63,152.1,163.94,482.96,712.02,484.86,156.22,0.000510618639718387,0.0376949458325713,-0.0063051490472059,0.00221761071700492,0.011704760906049,0.0354022230175009,0.040571729010879,0.0383957466619421,0.0699857189821701,0.0367222942993241,-6.82783936283204e-06,-0.0420307043974643,0.0409149419160552,0.0378250878975263,0.0368888504193007,0.0379022416680148
25,80,248.85,461.64,617.59,671.92,0,197.21,472.86,690.11,584.23,55.59,175.85,473.75,721.71,531.48,97.21,168.47,477.21,717.82,511.78,124.72,165.62,476.31,719.74,495.92,142.41,163.8,476.82,721.54,485.42,152.42,165.19,477.21,717.89,482.55,157.16,-0.000191442690122983,0.0384377722523965,-0.00720532422050779,0.00144966403400625,0.0115653361101166,0.0358651309439985,0.0410976298555508,0.0400094720612193,0.0708914068521931,0.0372689787447351,-0.000811667055394369,-0.0438628076165616,0.0425521296650882,0.0390864713812835,0.0371969730755605,0.0385815789064131
25,85,248.93,460.08,625.43,665.56,0,199.05,472.11,681.51,588.96,58.37,177.29,478.84,705.14,535.94,102.79,171.23,482.91,709.97,505.26,130.63,166.48,482.19,715.47,489.87,145.99,165.96,486.12,709.75,483.16,155.01,167.09,483.21,708.95,480.01,160.74,0.000509682983193995,0.0380841311868299,-0.00587202444743051,0.00193977665223063,0.0112493882781359,0.0355631965502858,0.0411504780519007,0.0389364708706535,0.0732713091831976,0.0359229399738929,-0.00117730995953481,-0.0406257496357044,0.0431379274529755,0.0388671630629949,0.0369305036326092,0.0377957801137918
25,90,252.26,459.5,621.65,666.59,0,256.75,504.18,673.57,552.03,13.47,259.13,532.91,702.75,479.16,26.05,261.28,556.19,710.64,435.59,36.3,265.17,570.89,710.64,408.9,44.4,265.75,583.06,709.76,390.52,50.91,267.58,592.96,705.14,377.47,56.85,0.00908347312090935,0.0463361457939848,-0.00440600070496722,0.0256995553874451,0.0135961623038953,0.0380215095271475,0.0636319845759467,0.0395557308048409,0.0719188682675779,0.0565961887998977,0.0104121917974962,-0.0436760978984247,0.0450735857481198,0.0512190018408309,0.0432511076116452,0.0466418677038837
25,95,250.26,463.39,620,666.35,0,253.42,510.81,676.06,545.72,13.99,258.93,541.14,698.41,476.36,25.16,262.02,561.8,707.62,433.53,35.03,266.45,577.61,704.88,407.95,43.11,268.05,587.75,705.96,387.6,50.64,269.85,596.54,699.42,379.18,55.01,0.00915792925918541,0.0452753195541952,-0.00335127850815405,0.025492223834046,0.0120970996212727,0.0371991879430239,0.0624895870802557,0.0382544251895957,0.0721252323079933,0.054905292495286,0.0105351721614987,-0.0425464406064051,0.0428068025031289,0.0499250566461795,0.0426757394636187,0.0453848592666156
25,100,247.87,459.38,621.73,671.02,0,274.55,513.36,681.99,530.1,0,298.01,555.75,699.79,446.45,0,320.48,584.6,706.42,388.5,0,340.02,605.54,707.97,346.47,0,357.77,625.63,699.36,317.24,0,373.31,640.51,694.15,292.03,0,0.0261192270008377,0.0653088277609102,-0.00357132893169219,0.0799508455032787,0.012679883562808,0.0412677443917963,0.119918924440736,0.0395264368018838,0.0780485423585664,0.0951313642431711,0.0303931059665269,-0.0436024721598472,0.0477770233860513,0.0834985284743096,0.0592634825966811,0.0623222934605191
30,50,249.6,460.93,624.05,665.42,0,121.69,444.24,707.88,474.88,251.31,144.95,381.65,611.79,593.82,267.79,126.27,396.8,659.41,530.75,286.77,134.36,389.4,624.67,569.49,282.08,133.21,389.04,643.38,547,287.37,134.36,387.77,627.73,565.07,285.07,-0.000649650288435324,0.0417019798739446,-0.00780145327028999,-0.00266959020646923,0.0162094652361193,0.0402637626012512,0.0424121602626982,0.0436070135967304,0.0794568919325202,0.0404868648504193,-0.00215570273265326,-0.0485962632570319,0.0482997123923279,0.0427159350717757,0.040710026095118,0.0407327046913668
30,55,249.26,460.8,622.73,667.21,0,123.93,442.68,717.61,469.97,245.81,143.64,385.61,609.82,589.67,271.26,126.49,401.56,653.13,527.87,290.95,140.52,373.22,628.53,576.84,280.89,125.54,396.84,643.66,540.84,293.12,133.94,389.18,628.13,568.04,280.71,0.000707426302226397,0.0418708352290072,-0.00662445509724777,-0.000229821865105171,0.0165646613135291,0.0406487174635176,0.0425940432607267,0.0433132232371462,0.0778879717132095,0.0410329479613105,8.11529992395612e-05,-0.0465482677705903,0.0469028753900926,0.0425657613924489,0.0410905591105165,0.0412613779379008
30,60,248.92,459.64,623.24,668.2,0,174.25,485.09,730.43,472.12,138.11,182.66,479.33,679.28,487.9,170.83,182.7,476.75,681.16,480.32,179.07,183.21,479.1,676.48,478.21,183,182.5,476.07,683.95,476.36,181.12,181.84,481.81,676.4,477.09,182.86,0.000766337972807897,0.0390580115108795,-0.00565405212754221,-0.00103105390149791,0.0158296803475576,0.0377769725982269,0.0403899735086231,0.0398042798628778,0.0726831556867942,0.0392719964627587,-0.000397765195568035,-0.0433924004215005,0.042206414680771,0.0391420437280631,0.0383540339480204,0.0392038257964141
30,65,250.23,463.17,619.32,667.28,0,169.12,483.77,740.01,470.7,136.4,186.38,474.52,674.86,490.96,173.28,187.32,477.44,677.61,475.78,181.85,184.12,481.09,680.98,472.05,181.76,183.05,485.95,674.99,473.23,182.78,183.28,480.52,679.18,473.74,183.28,0.000256611316253743,0.0388573737608992,-0.00618724799765847,-0.0012896727429621,0.015233010456976,0.0374266648125222,0.0404958151861888,0.0394846322723636,0.0715027027419509,0.0392949185168265,-0.00109494629298192,-0.0439115332848947,0.0427615247399106,0.0390459573285762,0.0377471320805302,0.0392749088406859
30,70,251.75,462.75,619.72,665.78,0,174.36,489.2,724.32,476.99,135.13,184.21,477.96,675.95,488.64,173.24,182.66,478.63,683.4,473.35,181.96,187.45,479.4,673.19,477.87,182.09,185.64,477.84,679.48,475.33,181.71,182.85,482.71,673.1,476,185.34,8.75895147240921e-06,0.0386618956534,-0.00757862492474853,-0.00103637338411239,0.0163261559904046,0.0375381599159189,0.0402126213049042,0.0388014101970245,0.071493232218937,0.0379164641462533,-0.000510866384932402,-0.0445850008758005,0.0414810316472442,0.0383626819931872,0.0376935040865701,0.039475996127626
30,75,249.91,462.05,623.28,664.76,0,234.71,533.3,729.05,447.99,54.95,252.01,562.06,710.2,393.87,81.86,263.25,571.65,692.48,379.65,92.97,266.95,588.94,668.27,374.31,101.53,269.63,577.88,676.5,372.62,103.37,266.3,580.39,677,374.42,101.89,0.00152867271430919,0.0397501808003339,-0.00494519000966498,0.000600802595034079,0.0156975833628189,0.0372326611828665,0.0442519045022644,0.0387064861127919,0.0741142875130792,0.0411600727433458,-0.000297716141696734,-0.0427998350077415,0.0415621459112213,0.0404542739090697,0.0385016506956881,0.040372656243132
30,80,249.99,460.81,621.81,667.39,0,238.42,536.36,719.57,449.09,56.56,254.98,568.99,697.75,396.65,81.63,266.22,571.04,693.14,373.68,95.92,271.77,576.15,676.66,372.84,102.58,272.01,578.25,675.34,370.75,103.65,271.42,579.75,677.56,367.1,104.17,0.00292789121175452,0.04022930515203,-0.00464333428272216,0.00460746411793599,0.0157057891201049,0.0379992053292142,0.0445133086078534,0.0389291894065562,0.0725592265206125,0.0434219542000345,0.0022278570028936,-0.043173914844204,0.0418423428530798,0.0408422897093804,0.0391022834522111,0.0408194052488103
30,85,249.41,462.97,623.48,664.14,0,239.57,534.46,729.38,440.1,56.49,249.15,565.2,707.9,395.22,82.53,262.01,577.07,690.84,372.58,97.5,261.9,583.61,678.92,374.91,100.66,268.22,569.59,687.26,370.89,104.04,268.28,570.98,681.52,373.14,106.08,0.0020947103461439,0.0395752350864161,-0.00669109912244402,0.00416896851976524,0.016639765790527,0.0376197270606367,0.0433306923730938,0.0383301517132617,0.0717707889848897,0.04000758120182,0.00233948185349255,-0.0431779810043057,0.040980007495086,0.0390955298947028,0.0382499734958834,0.0412754506571941
30,90,246.76,463.9,623.7,665.64,0,295.71,560.45,723.1,406.88,13.86,343.14,606.91,704.76,322.3,22.89,371.6,643.87,671.33,285.23,27.97,392.54,661.4,644.99,269.02,32.05,405.12,670.37,631.81,255.81,36.89,416.52,671.57,620.97,251.22,39.72,0.0100510220459799,0.0492016894423417,-0.0039166685055098,0.0254883114376573,0.0169230014043724,0.0422453396883495,0.0661393422891883,0.0400044017536359,0.0761077458378896,0.0616579179502578,0.010274359335298,-0.0447893949356746,0.0441024220599369,0.0538671392458273,0.0456539331178419,0.051081892378452
30,95,252.23,460.62,623.14,664.01,0,297.18,558.37,722.63,409.11,12.71,344.46,614.37,701.8,317.44,21.93,377.01,646.53,667.17,280.88,28.41,397.2,666.66,642.3,260.91,32.93,411.56,676.89,621.85,253.63,36.07,424.52,677.92,611.6,247.84,38.12,0.00962461123469479,0.0501161930999141,-0.00430628006842069,0.0252990472294342,0.0162932662911789,0.0429386168705181,0.0673086322140828,0.0411617522861987,0.0734353667814275,0.0621648305239863,0.0100217361200828,-0.0463298987078664,0.0437816153447032,0.0550640101931009,0.0468541800994169,0.0516657394185926
30,100,247.54,463.45,622.87,666.14,0,317.43,570.05,723.09,389.43,0,385.63,629.6,708.82,275.95,0,442.42,662.99,671.67,222.92,0,488.16,688.03,636.64,187.17,0,523.32,705.93,607.08,163.67,0,556.02,712.93,585.76,145.29,0,0.0261119488652878,0.0688861344416538,-0.00276966444547227,0.0753560594572115,0.0172805574859932,0.0472422187964539,0.121664698723566,0.0409737388891274,0.0756723778809288,0.0988918564444445,0.0315430627365684,-0.0482441335765299,0.045535229980242,0.0870887758829511,0.0615347784744964,0.0688430903038472
35,50,250.35,458.02,622.37,669.26,0,123.29,441.03,720.4,470.93,244.35,145.58,379.59,607.24,599.6,267.99,123.17,403.82,660.43,527.43,285.15,135.44,392.57,618.77,568.28,284.94,128.39,390.92,641.32,544.13,295.24,133.35,391.18,630.13,563.68,281.66,4.02359895415681e-05,0.0413806094095616,-0.00646309363922906,-0.00177311657721797,0.0154010896721829,0.040150937021458,0.0420978921552262,0.0428237905356516,0.0794143807351516,0.0399628490854023,-0.00118430134699978,-0.0464009416073432,0.0469810313008827,0.0425962319514419,0.0406432136669661,0.0401181136885682
35,55,250.81,459.82,620.98,668.39,0,120.59,438.51,719.98,474.36,246.56,142.86,390.9,607.7,591.52,267.02,126.36,397.36,658.91,528.59,288.78,137.36,385.5,622.89,570.64,283.61,131.22,390.66,643.88,554.27,279.97,132.33,390.8,629.49,559.32,288.06,-0.000688746171336533,0.0416056884002801,-0.00865083737201799,-0.0022653398278711,0.0172552008241631,0.0403474294525652,0.0423850944742887,0.0430296191559128,0.0753580236651748,0.0405712106291577,-0.000913576037583155,-0.049068497565414,0.0471642326586464,0.0421368489057253,0.0404754805819037,0.0413801369774707
35,60,247.07,463.2,619.39,670.34,0,172.68,479.66,729.07,481.95,136.64,188.19,481.13,662.15,487.61,180.92,183.06,480.71,676.84,475.47,183.92,179.27,482.56,685.84,472.86,179.47,182.78,481.27,679.5,471.6,184.85,184.79,481.47,672.38,475.44,185.92,0.000853418010518056,0.0391332765143681,-0.0064045660085151,-0.000689922626596495,0.0170465694494168,0.0378775788528087,0.0405589567572989,0.0396703549156665,0.0771798149720446,0.0379760751647987,0.000549436180448074,-0.0442324943728419,0.043447346496493,0.0390391817321521,0.0376121166298258,0.0401248090198205
35,65,250.25,460.31,621.08,668.36,0,174.33,482.63,740.78,465.99,136.27,188.33,483.87,667.09,485.76,174.95,184.96,480.64,678,473.4,183,187.36,476.96,670.19,479.89,185.6,184.24,474.86,680.51,473.83,186.56,186.3,474.17,670.16,483.65,185.72,-0.000409273258688955,0.0389585135062236,-0.00618873849086244,-0.0026018273868001,0.014211761871343,0.0374381341719813,0.0408009656856716,0.0394838568381656,0.0709721752373177,0.0360998337348431,-0.00112663973925953,-0.0433519456045711,0.0419843193084855,0.0396864531059625,0.0379469115699627,0.0389999172995679
35,70,249.21,459.07,624.88,666.84,0,172.89,482.61,729.09,480.14,135.27,179.37,480.47,673.14,488.84,178.18,182.03,473.64,691.18,470.67,182.48,183.24,480.15,676.42,472.76,187.43,182.98,488.5,671.13,473.75,183.64,185.52,483.99,670.04,477.09,183.36,0.000613101085737686,0.0388905039563007,-0.00628573276319704,-0.000785990866267653,0.0163131174513763,0.0376058508193459,0.0405033917482857,0.0392438547236772,0.0733669491767073,0.0377739996990829,0.000584089905004323,-0.043847310675292,0.0430228155944621,0.0396015464322349,0.0373256372716139,0.0393740815932693
35,75,247.66,463.28,622.58,666.48,0,237.83,524.36,740.38,442.15,55.28,249.74,554.02,706.54,406.27,83.43,261.18,564.41,694.01,387.02,93.38,272.43,577.93,671.6,378.27,99.77,271.3,587,670.96,368.99,101.75,267.83,589.15,673.24,366.02,103.76,0.00158803139850346,0.0393313034377364,-0.00569135624121322,0.00204465576622544,0.015393734922916,0.0375802134029485,0.0431254626771254,0.0377205549328303,0.0692629794877242,0.0397824399435176,0.00224027128266851,-0.0439894809271395,0.0398802356374981,0.0392932018807943,0.0377271150565402,0.0412662786908448
35,80,249.79,458.85,621.87,669.49,0,240.39,530,722.38,449.34,57.89,254.6,565.37,690.15,403.35,86.53,260.76,570.32,682.29,387.05,99.58,261.65,578.83,678.38,377.15,103.99,270.92,573.46,671.06,381.05,103.51,269.87,580.57,668.24,375.49,105.83,0.00200785954542528,0.0393502871466831,-0.00535765213266728,0.00324065915460393,0.0148379639192835,0.0374058112705612,0.043312443201203,0.0378651655937152,0.0706982520747228,0.0403606802919659,0.0018555755447335,-0.042605111056629,0.0403179536985885,0.0403227760267719,0.0377583485293145,0.0403860971183327
35,85,249.26,460.95,622.5,667.29,0,240.1,524.09,734.16,445.29,56.36,253.83,560.88,703.81,394.51,86.97,268.05,562.98,691.28,378.71,98.98,267.73,578.65,682.78,369.79,101.05,273.67,575.52,681.67,366.32,102.82,269.98,575.61,680.14,369.55,104.72,0.0019595236417925,0.0401997230897773,-0.00485705603927582,0.00252513779921596,0.0150069338687714,0.0380029583465483,0.0444900329459253,0.0387729862935192,0.0710864715428938,0.0405837383297671,0.00303912040818733,-0.0442827681642453,0.0413465462344699,0.0404447714140913,0.0389268530327739,0.0413058766986332
35,90,249.63,461.6,625.62,663.15,0,295.6,562.73,724.04,404.14,13.49,342.06,613.89,702.84,320.06,21.15,370.01,647.23,674.22,281.73,26.81,394.23,662.24,647.97,263.47,32.09,406.61,674.92,630.44,252.46,35.57,410.55,679.28,623.07,248.07,39.03,0.00985183944383727,0.0498681827236315,-0.00421554981040407,0.025264434253276,0.0168666957147323,0.0427460283144316,0.0669876996384116,0.040796129185516,0.0780427276807353,0.0628350075682427,0.00990724694886587,-0.0464939113475264,0.0451664208318688,0.0542918399649364,0.0467610836904127,0.0512953894655796
35,95,251.86,462.66,617.42,668.06,0,296.58,564.29,719.63,405.76,13.74,345.13,617.65,697.76,317.17,22.29,373.58,646.98,669.85,281.95,27.64,396.48,663.04,644.5,264.17,31.81,413.58,667.19,628.09,255.73,35.41,423.87,675.04,614.74,247.78,38.57,0.00931733593632891,0.0504391728969554,-0.00454878709259825,0.0238827568612987,0.0174230921056914,0.0430770226578006,0.067929616707315,0.0415626596969923,0.0754006295799866,0.0604765575122653,0.0112500663805448,-0.0477922918747494,0.0442946352431927,0.0538974176639719,0.0477078800419405,0.052396379187456
35,100,250.77,461.83,621.58,665.82,0,320.96,573.86,714.67,390.51,0,388.04,639.48,691.05,281.43,0,441.64,674.28,663,221.08,0,487.73,693.53,631.57,187.17,0,523.76,711.23,601.57,163.44,0,554.55,725.81,573.92,145.72,0,0.0259609690379185,0.0691040331380725,-0.00384622517465177,0.074934714039376,0.0194751372361682,0.0479098039659322,0.120903253557446,0.0416954390243567,0.0783141022090262,0.100326645022721,0.0304566053059891,-0.0499299940359646,0.0465320998378106,0.0859775372446117,0.0623722500921372,0.0690956709296158
40,55,251.23,461.59,620.89,666.29,0,126.56,444.29,716.21,465.82,247.12,148.53,387.67,605.12,592.31,266.37,126.3,402.15,661.26,524.12,286.17,141.11,380.2,620.81,573.74,284.14,131.72,393.07,637.65,549.14,288.42,132.89,386.62,627.05,563.42,290.02,0.000721668946735468,0.0413448935901524,-0.0073663346397027,-0.000538376422668217,0.0182929571308554,0.0404185270548327,0.0415858765967472,0.042875411783284,0.0781227819930156,0.0391864447586216,0.000658861478397733,-0.0466310506175296,0.0470979320008867,0.040817092888801,0.0405364878243583,0.0414991493042605
40,60,250.31,460.18,624.23,665.28,0,171.89,482.9,734.54,474.65,136.02,192.61,477.19,662.61,492.53,175.06,188.23,480.82,678.98,473.09,178.88,186.77,473.77,680.12,474.1,185.24,185.96,481.44,671.3,476.37,184.93,181.69,480.76,676.75,476.26,184.54,0.000196330507937829,0.0390595632851149,-0.00664114406583808,-0.000372734758015797,0.014513982694103,0.0378709641969178,0.0405043232785005,0.0394687231141133,0.0722924079324241,0.0367431730057524,0.000541921530782695,-0.0443537367715807,0.0420949776880561,0.0387781275588225,0.0381528128838629,0.0397441346884164
40,65,250.41,460.81,620.19,668.59,0,175.46,491.83,724.12,471.44,137.15,190.35,473.35,670.96,489.04,176.3,187.88,477.82,675.7,477.79,180.81,184.27,470.5,677.58,480.94,186.71,183.3,476.57,666.38,489.19,184.56,190.67,482.89,655.81,484.32,186.31,0.000484403747577143,0.0385866062328608,-0.0065253722277863,-0.000566373292423395,0.0159335107564916,0.0375224716956574,0.0396822420718367,0.0392315011250461,0.0729072084644495,0.0352454764151688,0.000898172503099961,-0.0428100133443225,0.0432515604837989,0.037998167607842,0.0373105464767762,0.0395931604524787
40,70,248.74,459.19,624.04,668.03,0,170.32,483.25,743.38,468.17,134.88,185.14,488.43,672.2,480.22,174.01,187.81,470.88,678.2,478.1,185.01,181.63,477.72,680.98,478.2,181.47,185.02,485.35,670.73,473.15,185.75,183.81,476.23,680.4,473.86,185.7,9.83918530853396e-05,0.038730891085575,-0.00620699808651637,-0.00176880720023589,0.01504296944355,0.0371823768537307,0.0405221991392596,0.0393556104958331,0.0716057992872083,0.0366098022447687,0.000231705609245308,-0.0437917630809463,0.0425648548298712,0.0385844767517874,0.0379647793334294,0.0389821954446853
40,75,249.72,458.86,625.09,666.33,0,238.62,518.34,736.85,450.46,55.73,252.27,558.01,706.73,397.94,85.05,261.68,569.98,685.08,381.8,101.46,267.33,572.15,680.21,376.61,103.7,266.47,582.11,673.82,373.73,103.87,266.31,580.52,674.05,371.1,108.02,0.00200360707281814,0.0402796440778048,-0.00495388662877414,0.00318049554442259,0.0141911992579515,0.0380864226575555,0.0447438670219856,0.0385991823004477,0.0744053534084985,0.0423332362758222,0.00147437234185689,-0.0444162400018306,0.0419020907912757,0.0402899861611378,0.038963246253562,0.0415044709878375
40,80,251.7,462.4,622.27,663.63,0,241.16,529.11,736.86,436.77,56.1,254.49,557.78,705.9,397.96,83.87,264.13,570.74,684.76,384.12,96.25,268.79,578.33,672.19,377.48,103.21,270.31,583.28,669.65,370.83,105.93,272.65,581.49,668.35,371.99,105.52,0.00225773342487745,0.0397038743466334,-0.00526868901364728,0.00325756276671394,0.0158759300078785,0.0377513075862204,0.0440544008024135,0.0377095313954537,0.0719334724330787,0.0406403621030394,0.00325502038622828,-0.0443986816794838,0.0412863182620014,0.0402534270505982,0.0380242581111252,0.0410697279386283
40,85,250.95,458.71,618.96,671.38,0,234.01,534.94,727.42,448.39,55.24,248.56,558.29,713.67,398.39,81.09,260.57,573.3,679.35,390.17,96.61,262.13,577.63,688.35,373.48,98.41,268.4,581.34,673.67,373.48,103.11,269.64,581.23,678.46,367.25,103.42,0.00194313464502,0.040490546767157,-0.00593641478821484,0.00273296289371997,0.0163671912417555,0.038210723214549,0.0444655945248497,0.0396735491639895,0.0725726051636818,0.043922489276594,0.000664314688263156,-0.0445525313379425,0.0422839120062617,0.0413240499648897,0.0394039962110736,0.0407665235939404
40,90,253.45,461.73,622.61,662.21,0,300.1,561.01,717.32,408.72,12.85,343.94,614.01,697.62,322.82,21.61,373.18,647.67,666.78,283.51,28.86,389.86,670.74,644.16,262.04,33.2,403.84,675.89,635.13,248.58,36.56,412.45,681.84,617.35,248.74,39.62,0.0102099667861147,0.050373852061726,-0.00413688511525512,0.0250426254707222,0.0187034587758322,0.0430031245929333,0.0678414803932596,0.0412350735258903,0.0789550884587213,0.0627334657006251,0.0114592107823186,-0.0476376022381096,0.04464307959375,0.0538011905778836,0.0475331243996067,0.0524210454709724
40,95,248.16,457.1,623.25,671.49,0,294.96,548.97,736.12,406.69,13.26,341.38,607.75,707.8,321.1,21.97,373.13,636.77,677.86,283.93,28.31,394.28,655.48,650.97,266.22,33.05,411.37,656.62,636.78,258.1,37.13,421.65,660.53,626.91,251.1,39.81,0.00980257911512922,0.0493679625286642,-0.00366131872173945,0.0251310435131579,0.0160767741712424,0.0420064151127022,0.0670643362261349,0.0402269131175772,0.0759696491599726,0.0617501388153884,0.0096054777290951,-0.0441166245564007,0.0452689173963845,0.0540418763658313,0.0465358762796083,0.0500865481351613
40,100,249.6,462.92,619.88,667.6,0,318.33,569.44,724.27,387.96,0,387.25,632.58,702.91,277.26,0,443.21,671,665.22,220.57,0,486.46,697.01,630.66,185.87,0,526.32,709.34,602.97,161.37,0,557.3,716.67,581.22,144.81,0,0.0257210256324849,0.0690901520966992,-0.00379038914799621,0.0744822765736314,0.0185454287914921,0.0474137632931958,0.120510336382154,0.04265695849865,0.072908097231237,0.102005608626066,0.0295347330121787,-0.0489140560612508,0.0439141407867722,0.0872280351739155,0.0626622449343064,0.068306150938559
45,60,248.17,460.17,621.16,670.5,0,238.85,536.97,768.57,325.47,130.14,290.28,574.87,581.3,429.11,124.44,278.42,538.81,678.69,368.37,135.71,283.41,561.17,622,404.37,129.05,277.29,555.98,653.41,380.78,132.54,285.48,553.66,634.47,394.6,131.79,0.000771854406677661,0.0420494066400577,-0.00702572364061084,-0.00111542202862264,0.0186886171775747,0.0407897433631601,0.0441118352607339,0.0418283610282604,0.0756222425865688,0.0431729445263498,0.000417373860906311,-0.0479948374285927,0.0434513894052464,0.0417593938802992,0.0409503866628438,0.0433786708984578
45,65,249.21,461.53,624.2,665.06,0,239.15,528.96,764.18,331.96,135.75,296.02,570.03,579.99,434.05,119.91,277.58,548.1,676.27,362.95,135.1,289.08,561.12,609.48,409.19,131.13,284.95,550.46,648.41,379.13,137.05,281.82,563.5,627.17,395.87,131.64,0.00147638613750703,0.0414626250070364,-0.00542205907289533,-0.000192122733334415,0.0176358956626927,0.0403667174366071,0.0434791444833208,0.040887316574583,0.0736312514009545,0.0433539851657823,0.000563613314772903,-0.0454451777218789,0.0418527910867787,0.0412674307592156,0.0402876563825331,0.0429752571619236
45,70,248.42,460.83,625.39,665.36,0,237.93,522.45,774.98,333.65,130.99,288.32,563.25,582.53,443.4,122.5,276.92,544.49,676.48,364.82,137.29,291.4,561.31,611.73,408.24,127.32,283.88,552.57,652.01,376.79,134.75,291.26,556.4,620.58,401.78,129.98,3.76366141960388e-05,0.0415506209017602,-0.00690383404065838,-0.0019705500118065,0.0165764743352042,0.0402685638374253,0.0442253412714553,0.0404717297011095,0.0726010029713884,0.0406195529655674,0.00058657044194728,-0.0479470480809765,0.0433186358419507,0.0406530809370245,0.0406062900531025,0.043043803371264
45,75,250.65,459.58,626,663.77,0,303.3,573.03,756.55,311.63,55.49,383.65,622.45,618.77,311.67,63.46,392.37,645.67,605.23,287.53,69.2,396.69,639.65,599.03,294.46,70.17,405.49,640.21,597.73,285.84,70.73,404.5,641.04,599.62,284.11,70.73,0.00225067880980397,0.0455362478357553,-0.00675424567672504,0.00293739826557465,0.0191509130586083,0.0438574396984567,0.0505191579110258,0.0421074959800545,0.0717324543743023,0.0484878965690487,0.00407622527247755,-0.051314360325301,0.0415151876900282,0.0450732327412357,0.0437932849762841,0.0489421941132431
45,80,250.95,461.6,621.76,665.69,0,307.52,572.04,762.04,303.42,54.98,381.33,637.9,615.88,302.44,62.45,395.49,626.37,621.45,288.84,67.85,402.91,640.41,598.13,288.38,70.17,413.86,628.03,606.94,283.54,67.63,406.19,636.61,600.84,287.51,68.85,0.00246452859722227,0.0452263829208529,-0.00634552413053372,0.00362978518993841,0.0182383857778087,0.0433461117240645,0.0508033974786116,0.0414605675696608,0.0718954589618556,0.0457188743859427,0.00453341191118197,-0.0491554232111054,0.0416042170297272,0.0439476879201841,0.0437996214901988,0.048724878656641
45,85,249.71,459.54,625.5,665.25,0,299.65,569.7,769.91,305.03,55.71,376.91,632.78,622.73,305.56,62.02,400.69,624.71,615.08,293.1,66.42,402.05,637.88,598.36,290.02,71.69,398.65,643.86,601.05,285.96,70.48,402.42,643.46,599.03,282.7,72.39,0.00264214160896489,0.0444649882404051,-0.00422609432264423,0.00200465453832098,0.0171338967257679,0.0423370194161109,0.0496391534723387,0.0416407995098962,0.0735430711644069,0.0483509000722444,0.00183445139233735,-0.0471459653192692,0.0423221955002878,0.0443765093649239,0.0427930962895849,0.0470819263977269
45,90,249.25,463.76,621.96,665.03,0,362.48,604.17,754.09,266.16,13.1,472.5,691.77,619.86,198.55,17.32,537.25,716.7,551.64,174.55,19.86,577.52,713.45,516.95,169.9,22.18,602.48,713.89,500.64,160.34,22.65,624.22,704.07,491.5,157.42,22.79,0.00949232413484249,0.0593182197945942,-0.0055309535891544,0.0226992295381365,0.0215788515749754,0.0530986401701253,0.0775727405561327,0.0470884042592104,0.0732777201267591,0.07590971864269,0.0120434200251816,-0.0600065969684895,0.0440957412321599,0.0613784567307215,0.056370041339219,0.0646556232342113
45,95,248.82,463.25,622.72,665.21,0,365.47,604.63,754.49,261.7,13.71,476.97,689.07,619.93,196.96,17.07,547.38,702.9,550.74,178.41,20.57,588.26,705.66,519.59,164.41,22.08,607.7,705.3,502.92,160.72,23.36,622.12,701.44,488.87,162.83,24.74,0.0111896051688993,0.0587149927061076,-0.00475538662578884,0.024813741891653,0.0244360378631861,0.0525002427672464,0.0767265726608811,0.0469619752362486,0.0750694297044593,0.0774637222408756,0.0126679202698212,-0.0570427348762,0.0440796265929952,0.0621539686698303,0.0554439427275017,0.063308969009139
45,100,247.45,462.31,623.02,667.22,0,385.3,613.82,749.93,250.95,0,530.17,696.12,622.62,151.09,0,639.93,719.92,530.07,110.08,0,731.32,712.39,470.43,85.86,0,804.87,700.58,425.11,69.44,0,862.73,690.32,388.25,58.7,0,0.024554258540952,0.0819738231990599,-0.000801758799612737,0.0618862366494213,0.0247224845280492,0.0633307313510041,0.131883222027493,0.0521227306821445,0.0783059278094261,0.11784476982779,0.0292410797908665,-0.0661103095765816,0.0461336719223557,0.0979148116297228,0.0758233273301672,0.0848461206173183
50,65,251.75,460.91,625.46,661.88,0,240.98,530.34,754.75,338.6,135.33,293.22,568.11,580.5,432.06,126.11,275.73,550.67,671.64,364.36,137.6,284.92,567.17,616.47,401.93,129.51,280.66,555.06,650.01,380.21,134.06,286.69,554.76,624.86,400.62,133.07,0.00138391762795107,0.0418519120781895,-0.00594334990185757,-6.75904811080373e-05,0.0180148917577148,0.0407820010489246,0.0441189895219182,0.0409017679769681,0.0732964574699564,0.0438747368695641,0.000348814320368386,-0.0464826146633423,0.0417494814236417,0.0412495450115629,0.040865733155955,0.0435742635485777
50,70,251.28,457.86,627.62,663.24,0,239.96,533.13,765.42,329.19,132.3,288.56,569.1,587.17,433.19,121.98,285.21,543.25,666.17,368.25,137.12,290,567.12,607.96,406.06,128.86,287.11,545.49,653.73,382.01,131.66,288.51,558.8,621.02,399.53,132.14,7.02508942102598e-05,0.0420752822302399,-0.00660245419142722,-0.00138372940193352,0.0153294655788123,0.0407485995670675,0.0447320610135636,0.0411084642212113,0.0737714216060459,0.0425588507035249,-0.000983997469258489,-0.0478236192338942,0.0429623246750844,0.0418159552650173,0.0407366479942398,0.043777339574191
50,75,248.06,463.46,621.5,666.98,0,308.76,571.46,759.42,304.45,55.91,369.39,643.49,616.31,306.32,64.49,395.93,637.1,609.99,288.18,68.8,397.61,647.49,604.09,283.35,67.46,396.75,644.08,609.69,278.86,70.62,402.91,647.26,596.17,283.63,70.03,0.0028207079435951,0.0448581484583369,-0.00598444153155829,0.0031999832642127,0.0198617034736937,0.0427476152679836,0.0501665961538449,0.0419697481342698,0.0699905034304023,0.0522652745206159,0.00124290248036545,-0.0487301188263396,0.0414696236902385,0.0456100895452836,0.0431837263169454,0.0470995349098867
50,80,250.02,462.27,622.17,665.54,0,303.77,572.86,760.33,309.45,53.59,371.39,634.72,623.01,305.42,65.46,396.62,638.3,606.13,289.06,69.89,403.99,644.5,598.7,282.15,70.66,408.24,644.04,594.54,283.23,69.95,410.16,648.1,592.89,278.25,70.6,0.00254649250287205,0.0455918273141578,-0.00615227890617471,0.00332459053033678,0.0189289584784866,0.0433401850238105,0.0508072280419235,0.0429783861058997,0.0720911445872777,0.0498216186288945,0.00219013042975168,-0.0489546488261314,0.0421348715504318,0.0458177054200195,0.0440109618173518,0.0481599000346622
50,85,250,458.74,623.56,667.7,0,307.24,569.63,768.22,301.94,52.97,372.79,641.18,619.86,303.68,62.49,403.06,634.69,598.26,293.85,70.14,400.76,645.92,600.45,281.67,71.2,419,638.31,588.36,285.76,68.57,414.83,644.71,592.07,277.92,70.47,0.00157178111821005,0.045115304312232,-0.00615753583250576,0.0017374814437201,0.0166917162768904,0.0430740787885498,0.0502535989598391,0.0423314139792336,0.0752359797609537,0.0459228089241862,0.00118378621559268,-0.0488340244038174,0.042905272341995,0.0451191321430082,0.0434495951609376,0.0476590529325435
50,90,250.72,459.66,622.88,666.74,0,361.3,606.64,751.17,267.44,13.45,477.78,685.94,617.22,200.94,18.12,543.45,701.76,555.06,179.97,19.76,590.62,696.7,522.52,168.05,22.11,607.87,702.64,501.36,165.85,22.28,623.35,708.27,484.16,160.67,23.55,0.0101433093257904,0.0586941849544929,-0.00333084944642355,0.0210235674505887,0.0222423875822516,0.0522763791257252,0.0765417969953156,0.0473491888705177,0.070397176550148,0.0757828755185126,0.0126343695332381,-0.0573745425824517,0.0432373552650178,0.061184490062184,0.0563593978132584,0.0630820923787807
50,95,251.17,459.47,621.86,667.5,0,368.32,601.28,739.5,278.37,12.53,481.1,672.68,625.85,203.02,17.35,542.03,698.95,559.14,179.52,20.36,578.8,700.39,527.44,171.19,22.18,604.51,706.38,505.16,161.33,22.62,619.25,701.34,493.41,163.21,22.79,0.00966271197181898,0.0583835443247244,-0.00512663320908851,0.0227377953439952,0.0216199170840122,0.0522268910127089,0.075974169161076,0.0468269384967362,0.0754995809378082,0.0755136891334972,0.0109179059803189,-0.0572153600521708,0.0445282583088515,0.0617032723445707,0.0552470653458402,0.0627434462845121
50,100,251.7,462.38,623.83,662.09,0,390.46,620.41,749.42,239.71,0,536.53,700.54,618.02,144.91,0,642.92,729.63,522.63,104.82,0,732.24,721.33,464.55,81.88,0,802.94,711.1,417.29,68.67,0,858.7,702.91,380.66,57.73,0,0.0247614628866884,0.0808332715747159,-0.00163184685102376,0.0635873926536849,0.02551088695038,0.0628535849590161,0.129407299570514,0.051628034172149,0.0751068130307138,0.116909560029325,0.0312501622765253,-0.0676965328296361,0.0453950013429291,0.0954780684208413,0.0746690263910883,0.0848435820973372
